patient_pk	patient_fname	patient_lname	patient_title	patient_phone	patient_email	patient_postcode
0	Albert	Ross	Mr	447831317145	a.ross@email.com	MK12 6FZ
1	Audrey	Person	Ms	447728472146	a.person@email.co.uk	CB4 8FH
2	Karen	New	Mrs	447923816472	k.new@ice.uk	NP16 8DA
3	Delila 	Blue	Mr	447648361372	blue@server.com	MK6 7FP
4	Phoebe	Tickell	Ms	447724829146	phoebe@me.com	CB8 3OF
5	Emma	Jones	Mrs	447923174823	ej382@sanger.ac.uk	NP5 8DA
6	Charles	Darwin	Mr	4478314729011	cxd1@cam.ac.uk	CB2 1RH
7	Andrew 	Scientist	XXXX	4407700900349	a.scientist@aru.ac.uk'	CB23 6KQ
8	Michael	Trek	Mx	447631472834	michael@star.org	NP1 8DY
9	Babs	Stocking	Dame	447523147325	stocking@gov.email	MK14 7HQ
10	Alec	Webb	Prof	447531285631	axw1@cam.ac.uk	CB3 8RE
11	Camilla	Bayer	Miss	4477398758233	cb234@jic.ac.uk	NP4 DGV
12	JJ	Binks	Mr	447781839901	JarJar@email.com	MK12 6PU
13	Sophie	Brown	Miss	447528164732	s.brown@uni.ac.uk	CB3 7DQ
14	Sarah	Yellow	Ms	447834257314	sarah@me.com	NP12 7KB
